{"\u0421": 0.046235138705416116, "\u0423": 0.019815059445178335, "\u0429": 0.003963011889035667, "\u041d": 0.04491413474240423, "\u041e": 0.08982826948480846, "\u0422": 0.05019815059445178, "\u042c": 0.015852047556142668, " ": 0.154557463672391, "\u0427": 0.011889035667107, "\u0415": 0.071334214002642, "\u041b": 0.035667107001321, "\u0412": 0.04227212681638045, "\u041a": 0.02774108322324967, "\u0410": 0.05812417437252312, ",": 0.022457067371202115, "\u2014": 0.002642007926023778, "\u0420": 0.03302509907529723, "\u041f": 0.023778071334214, "\u0418": 0.06605019815059446, "\u0416": 0.009247027741083224, "\u042f": 0.01453104359313078, "\u0413": 0.013210039630118891, "\u0411": 0.021136063408190225, "\u0414": 0.02906208718626156, "\u0425": 0.009247027741083224, "\u0419": 0.010568031704095112, "\u042b": 0.023778071334214, "\u041c": 0.01453104359313078, ".": 0.009247027741083224, "\u0428": 0.005284015852047556, "\u042e": 0.005284015852047556, "\u0417": 0.011889035667107, "\u042d": 0.001321003963011889, "\u2026": 0.001321003963011889}