{"C": 0.046235138705416116, "1": 0.019815059445178335, "7": 0.003963011889035667, "K": 0.04491413474240423, "F": 0.08982826948480846, "I": 0.05019815059445178, "8": 0.015852047556142668, "A": 0.154557463672391, "V": 0.011889035667107, "L": 0.071334214002642, "N": 0.035667107001321, "B": 0.04227212681638045, "Q": 0.02774108322324967, "D": 0.05812417437252312, ",": 0.022457067371202115, "\u2014": 0.002642007926023778, "H": 0.03302509907529723, "G": 0.023778071334214, "J": 0.06605019815059446, "R": 0.009247027741083224, "O": 0.01453104359313078, "S": 0.013210039630118891, "T": 0.021136063408190225, "M": 0.02906208718626156, "W": 0.009247027741083224, "U": 0.010568031704095112, "Y": 0.023778071334214, "E": 0.01453104359313078, ".": 0.009247027741083224, "4": 0.005284015852047556, "5": 0.005284015852047556, "X": 0.011889035667107, "2": 0.001321003963011889, "\u2026": 0.001321003963011889}